<?xml version="1.0" encoding="UTF-8"?>
<class>
    <student>
        <id>101</id>
        <firstname>Naman</firstname>
        <lastname>Kumar</lastname>
        <subject>Math</subject>
        <marks>83</marks>
 	<school>sns</school>
    </student>
     
    <student>
        <id>102</id>
        <firstname>Kapil</firstname>
        <lastname>Kumar</lastname>
        <subject>Chemistry</subject>
        <marks>60</marks>
	<school>cluny</school>
    </student>
 
    <student>
        <id>103</id>
        <firstname>Harsh</firstname>
        <lastname>Singh</lastname>
        <subject>English</subject>
        <marks>70</marks>
	<school>kvschool</school>
    </student>
 
    <student>
        <id>104</id>
        <firstname>Jitesh</firstname>
        <lastname>Singh</lastname>
        <subject>Physics</subject>
        <marks>76</marks>
	<school>mes</school>
    </student>
    <student>
        <id>105</id>
        <firstname>Leela</firstname>
        <lastname>Kaur</lastname>
        <subject>Physics</subject>
        <marks>78</marks>
	<school>mes</school>
    </student>
    <student>
        <id>106</id>
        <firstname>Mrinal</firstname>
        <lastname>Mathew</lastname>
        <subject>Physics</subject>
        <marks>75</marks>
	<school>mes</school>
    </student>
    
     <student>
        <id>107</id>
        <firstname>Laya</firstname>
        <lastname>Sen</lastname>
        <subject>Biology</subject>
        <marks>95</marks>
	<school>sns</school>
    </student>
    
     <student>
        <id>108</id>
        <firstname>Shailaja</firstname>
        <lastname>Singh</lastname>
        <subject>Biology</subject>
        <marks>31</marks>
		<school>sns</school>
    </student>
 
</class>